{
  "IsEncrypted": false,
  "Values": {
    "AzureWebJobsStorage": "DefaultEndpointsProtocol=https;AccountName=st10084687cloud2;AccountKey=dOIZ+BvDn03CYk/KFjMcd8+a7CayatCxylTso204FkVzmLc7knjw+BQL1rxSUFya1zeijh6/gW3h+AStao7iNw==;EndpointSuffix=core.windows.net",
    "FUNCTIONS_WORKER_RUNTIME": "dotnet",
    "sqldb_connection": "Server=tcp:10084687.database.windows.net,1433;Initial Catalog=CloudIce2;Persist Security Info=False;User ID=ST10084687;Password=Gooddate40;MultipleActiveResultSets=False;Encrypt=True;TrustServerCertificate=False;Connection Timeout=30;"
  }
}